{"cameraMode":{"drawMode":0,"name":"Shaded","section":"Shading Mode"},"sceneLighting":true,"audioPlay":false,"sceneViewState":{"showFog":true,"showMaterialUpdate":true,"showSkybox":true,"showFlares":true,"showImageEffects":true,"showParticleSystems":true},"in2DMode":false,"pivot":{"x":0.3497508466243744,"y":1.7718486785888672,"z":-7.081550598144531},"rotation":{"x":0.0539749413728714,"y":0.0014990582130849362,"z":-0.00007418079621857032,"w":0.9985594749450684},"size":3.752901792526245,"orthographic":false}