{"cameraMode":{"drawMode":0,"name":"Shaded","section":"Shading Mode"},"sceneLighting":true,"audioPlay":false,"sceneViewState":{"showFog":true,"showMaterialUpdate":true,"showSkybox":true,"showFlares":true,"showImageEffects":false,"showParticleSystems":true},"in2DMode":false,"pivot":{"x":1.2203350067138672,"y":0.5395663976669312,"z":-2.6446213722229006},"rotation":{"x":0.04463210329413414,"y":-0.0470455102622509,"z":0.0022119067143648865,"w":0.9979299306869507},"size":4.481346607208252,"orthographic":false}