{"cameraMode":{"drawMode":0,"name":"Shaded","section":"Shading Mode"},"sceneLighting":true,"audioPlay":false,"sceneViewState":{"showFog":true,"showMaterialUpdate":true,"showSkybox":true,"showFlares":true,"showImageEffects":false,"showParticleSystems":true},"in2DMode":false,"pivot":{"x":-1.6769872903823853,"y":0.3015710711479187,"z":-8.464544296264649},"rotation":{"x":0.2450048327445984,"y":-0.13184992969036103,"z":0.03365205600857735,"w":0.9599268436431885},"size":2.545734167098999,"orthographic":false}