{"cameraMode":{"drawMode":0,"name":"Shaded","section":"Shading Mode"},"sceneLighting":true,"audioPlay":false,"sceneViewState":{"showFog":true,"showMaterialUpdate":true,"showSkybox":true,"showFlares":true,"showImageEffects":false,"showParticleSystems":true},"in2DMode":false,"pivot":{"x":-0.06665956974029541,"y":0.7296652793884277,"z":-5.709477424621582},"rotation":{"x":-0.06947220116853714,"y":0.1650342494249344,"z":-0.011651256121695042,"w":-0.9837815165519714},"size":2.9227242469787599,"orthographic":false}