{"cameraMode":{"drawMode":0,"name":"Shaded","section":"Shading Mode"},"sceneLighting":true,"audioPlay":false,"sceneViewState":{"showFog":true,"showMaterialUpdate":true,"showSkybox":true,"showFlares":true,"showImageEffects":true,"showParticleSystems":true},"in2DMode":false,"pivot":{"x":-0.30363595485687258,"y":0.4705316126346588,"z":-10.479808807373047},"rotation":{"x":-0.09464037418365479,"y":-0.5242399573326111,"z":0.05871576443314552,"w":-0.8443247675895691},"size":2.81058931350708,"orthographic":false}