{"cameraMode":{"drawMode":0,"name":"Shaded","section":"Shading Mode"},"sceneLighting":true,"audioPlay":false,"sceneViewState":{"showFog":true,"showMaterialUpdate":true,"showSkybox":true,"showFlares":true,"showImageEffects":false,"showParticleSystems":true},"in2DMode":false,"pivot":{"x":1.6373518705368043,"y":0.47018611431121828,"z":-6.932164669036865},"rotation":{"x":0.1446920484304428,"y":-0.12579494714736939,"z":0.018569445237517358,"w":0.9812958836555481},"size":2.1210556030273439,"orthographic":false}