{"cameraMode":{"drawMode":0,"name":"Shaded","section":"Shading Mode"},"sceneLighting":true,"audioPlay":false,"sceneViewState":{"showFog":true,"showMaterialUpdate":true,"showSkybox":true,"showFlares":true,"showImageEffects":false,"showParticleSystems":true},"in2DMode":false,"pivot":{"x":2.8364040851593019,"y":0.3770292401313782,"z":-2.9787354469299318},"rotation":{"x":0.12750880420207978,"y":0.24573199450969697,"z":-0.032626159489154819,"w":0.960361123085022},"size":2.3576278686523439,"orthographic":false}