{"cameraMode":{"drawMode":0,"name":"Shaded","section":"Shading Mode"},"sceneLighting":true,"audioPlay":false,"sceneViewState":{"showFog":true,"showMaterialUpdate":true,"showSkybox":true,"showFlares":true,"showImageEffects":true,"showParticleSystems":true},"in2DMode":false,"pivot":{"x":0.5596377849578857,"y":0.8377392888069153,"z":-6.317033290863037},"rotation":{"x":-0.1345231831073761,"y":-0.034883156418800357,"z":0.004627585876733065,"w":-0.990384578704834},"size":2.262763500213623,"orthographic":false}