{"cameraMode":{"drawMode":0,"name":"Shaded","section":"Shading Mode"},"sceneLighting":true,"audioPlay":false,"sceneViewState":{"showFog":true,"showMaterialUpdate":true,"showSkybox":true,"showFlares":true,"showImageEffects":false,"showParticleSystems":true},"in2DMode":false,"pivot":{"x":-0.1552746593952179,"y":1.8253891468048096,"z":-6.608941078186035},"rotation":{"x":0.0351472832262516,"y":-0.11725601553916931,"z":0.00414890656247735,"w":0.9924961924552918},"size":3.0293936729431154,"orthographic":false}